repository_name,date,clones,unique_cloners
jpmorgan-payments/pdp-skills,2026-08-20 05:14:37,42,33
jpmorgan-payments/pdp-skills,2026-08-20 06:09:05,42,33
jpmorgan-payments/pdp-skills,2026-08-21 06:09:11,29,25
jpmorgan-payments/pdp-skills,2026-08-22 06:06:59,38,33
jpmorgan-payments/pdp-skills,2026-08-23 06:07:51,40,33
jpmorgan-payments/pdp-skills,2026-08-24 06:13:05,41,33
jpmorgan-payments/pdp-skills,2026-08-25 06:08:41,42,33
jpmorgan-payments/pdp-skills,2026-08-26 06:09:56,41,33
jpmorgan-payments/pdp-skills,2026-08-27 09:03:53,49,36
jpmorgan-payments/pdp-skills,2026-08-28 09:07:54,57,41
jpmorgan-payments/pdp-skills,2026-08-29 06:11:10,57,41
jpmorgan-payments/pdp-skills,2026-08-30 06:11:33,63,43
jpmorgan-payments/pdp-skills,2026-08-31 06:16:07,63,43
