Date,Referrer,Count,Uniques
2026-08-20 05:14:37,developer.payments.jpmorgan.com,80,20
2026-08-20 05:14:37,github.com,54,22
2026-08-20 05:14:37,Google,17,6
2026-08-20 05:14:37,payments-developer-portal.prod.aws.jpmchase.net,2,2
2026-08-20 06:09:06,developer.payments.jpmorgan.com,80,20
2026-08-20 06:09:06,github.com,54,22
2026-08-20 06:09:06,Google,17,6
2026-08-20 06:09:06,payments-developer-portal.prod.aws.jpmchase.net,2,2
2026-08-21 06:09:11,github.com,42,18
2026-08-21 06:09:11,developer.payments.jpmorgan.com,8,7
2026-08-21 06:09:11,Google,5,4
2026-08-21 06:09:11,payments-developer-portal.prod.aws.jpmchase.net,2,2
