repository_name,date,views,unique_visitors/cloners
jpmorgan-payments/pdp-skills,2026-08-20 05:14:37,423,105
jpmorgan-payments/pdp-skills,2026-08-20 06:09:06,423,105
jpmorgan-payments/pdp-skills,2026-08-21 06:09:11,262,80
jpmorgan-payments/pdp-skills,2026-08-22 06:06:59,326,92
jpmorgan-payments/pdp-skills,2026-08-23 06:07:51,338,102
jpmorgan-payments/pdp-skills,2026-08-24 06:13:05,344,101
jpmorgan-payments/pdp-skills,2026-08-25 06:08:41,343,99
jpmorgan-payments/pdp-skills,2026-08-26 06:09:56,385,108
jpmorgan-payments/pdp-skills,2026-08-27 09:03:53,398,112
jpmorgan-payments/pdp-skills,2026-08-28 09:07:55,415,118
jpmorgan-payments/pdp-skills,2026-08-29 06:11:11,415,118
